-- phpMyAdmin SQL Dump
-- version 5.2.0
-- https://www.phpmyadmin.net/
--
-- Hôte : localhost:3306
-- Généré le : lun. 25 juil. 2022 à 12:32
-- Version du serveur : 5.7.33
-- Version de PHP : 8.0.18

SET SQL_MODE = "NO_AUTO_VALUE_ON_ZERO";
START TRANSACTION;
SET time_zone = "+00:00";


/*!40101 SET @OLD_CHARACTER_SET_CLIENT=@@CHARACTER_SET_CLIENT */;
/*!40101 SET @OLD_CHARACTER_SET_RESULTS=@@CHARACTER_SET_RESULTS */;
/*!40101 SET @OLD_COLLATION_CONNECTION=@@COLLATION_CONNECTION */;
/*!40101 SET NAMES utf8mb4 */;

--
-- Base de données : `restosaas`
--

-- --------------------------------------------------------

--
-- Structure de la table `failed_jobs`
--

CREATE TABLE `failed_jobs` (
  `id` bigint(20) UNSIGNED NOT NULL,
  `uuid` varchar(255) COLLATE utf8mb4_unicode_ci NOT NULL,
  `connection` text COLLATE utf8mb4_unicode_ci NOT NULL,
  `queue` text COLLATE utf8mb4_unicode_ci NOT NULL,
  `payload` longtext COLLATE utf8mb4_unicode_ci NOT NULL,
  `exception` longtext COLLATE utf8mb4_unicode_ci NOT NULL,
  `failed_at` timestamp NOT NULL DEFAULT CURRENT_TIMESTAMP
) ENGINE=InnoDB DEFAULT CHARSET=utf8mb4 COLLATE=utf8mb4_unicode_ci;

-- --------------------------------------------------------

--
-- Structure de la table `migrations`
--

CREATE TABLE `migrations` (
  `id` int(10) UNSIGNED NOT NULL,
  `migration` varchar(255) COLLATE utf8mb4_unicode_ci NOT NULL,
  `batch` int(11) NOT NULL
) ENGINE=InnoDB DEFAULT CHARSET=utf8mb4 COLLATE=utf8mb4_unicode_ci;

--
-- Déchargement des données de la table `migrations`
--

INSERT INTO `migrations` (`id`, `migration`, `batch`) VALUES
(1, '2014_10_12_000000_create_users_table', 1),
(2, '2014_10_12_100000_create_password_resets_table', 1),
(3, '2019_08_19_000000_create_failed_jobs_table', 1),
(4, '2019_12_14_000001_create_personal_access_tokens_table', 1),
(5, '2022_06_21_170100_create_restaurants_table', 1),
(6, '2022_06_21_170357_create_reviews_table', 1),
(7, '2022_06_22_092213_add_status_to_reviews', 2),
(8, '2022_06_24_162603_add_column_rating_to_restaurants', 2),
(9, '2022_06_25_093226_add_column_type_to_users', 3),
(10, '2022_06_27_124629_add_column_status_to_reviews', 4);

-- --------------------------------------------------------

--
-- Structure de la table `password_resets`
--

CREATE TABLE `password_resets` (
  `email` varchar(255) COLLATE utf8mb4_unicode_ci NOT NULL,
  `token` varchar(255) COLLATE utf8mb4_unicode_ci NOT NULL,
  `created_at` timestamp NULL DEFAULT NULL
) ENGINE=InnoDB DEFAULT CHARSET=utf8mb4 COLLATE=utf8mb4_unicode_ci;

-- --------------------------------------------------------

--
-- Structure de la table `personal_access_tokens`
--

CREATE TABLE `personal_access_tokens` (
  `id` bigint(20) UNSIGNED NOT NULL,
  `tokenable_type` varchar(255) COLLATE utf8mb4_unicode_ci NOT NULL,
  `tokenable_id` bigint(20) UNSIGNED NOT NULL,
  `name` varchar(255) COLLATE utf8mb4_unicode_ci NOT NULL,
  `token` varchar(64) COLLATE utf8mb4_unicode_ci NOT NULL,
  `abilities` text COLLATE utf8mb4_unicode_ci,
  `last_used_at` timestamp NULL DEFAULT NULL,
  `created_at` timestamp NULL DEFAULT NULL,
  `updated_at` timestamp NULL DEFAULT NULL
) ENGINE=InnoDB DEFAULT CHARSET=utf8mb4 COLLATE=utf8mb4_unicode_ci;

-- --------------------------------------------------------

--
-- Structure de la table `restaurants`
--

CREATE TABLE `restaurants` (
  `id` bigint(20) UNSIGNED NOT NULL,
  `name` varchar(255) COLLATE utf8mb4_unicode_ci NOT NULL,
  `logo` varchar(255) COLLATE utf8mb4_unicode_ci NOT NULL,
  `featured_image` varchar(255) COLLATE utf8mb4_unicode_ci NOT NULL,
  `category` enum('chinois','traditionnel','exotique') COLLATE utf8mb4_unicode_ci NOT NULL,
  `city` varchar(255) COLLATE utf8mb4_unicode_ci DEFAULT NULL,
  `address` varchar(255) COLLATE utf8mb4_unicode_ci DEFAULT NULL,
  `website` varchar(255) COLLATE utf8mb4_unicode_ci DEFAULT NULL,
  `phone` varchar(255) COLLATE utf8mb4_unicode_ci DEFAULT NULL,
  `menu` varchar(255) COLLATE utf8mb4_unicode_ci NOT NULL,
  `description` text COLLATE utf8mb4_unicode_ci NOT NULL,
  `schedule` varchar(255) COLLATE utf8mb4_unicode_ci DEFAULT NULL,
  `opened` tinyint(1) NOT NULL DEFAULT '1',
  `created_at` timestamp NULL DEFAULT NULL,
  `updated_at` timestamp NULL DEFAULT NULL,
  `rating` double DEFAULT NULL
) ENGINE=InnoDB DEFAULT CHARSET=utf8mb4 COLLATE=utf8mb4_unicode_ci;

--
-- Déchargement des données de la table `restaurants`
--

INSERT INTO `restaurants` (`id`, `name`, `logo`, `featured_image`, `category`, `city`, `address`, `website`, `phone`, `menu`, `description`, `schedule`, `opened`, `created_at`, `updated_at`, `rating`) VALUES
(1, 'Kris PLC', 'https://via.placeholder.com/640x480.png/0077cc?text=earum', 'https://via.placeholder.com/640x480.png/006622?text=rerum', 'exotique', 'West Lillyland', '407 Little Land Suite 224\nGreenfelderland, DE 04132', 'http://monahan.com/', '737.743.6431', 'Sequi vel quaerat reiciendis nostrum sed debitis.', 'Array', '10h-20h', 0, '2022-06-21 20:25:10', '2022-06-24 16:01:43', 3),
(2, 'Doyle-Johns', 'https://via.placeholder.com/640x480.png/006600?text=eos', 'https://via.placeholder.com/640x480.png/007777?text=et', 'exotique', 'Colthaven', '946 Obie Valleys\nHalvorsonstad, VT 98788', 'http://www.botsford.com/omnis-sit-aut-accusamus-blanditiis', '214.446.0881', 'Voluptas voluptatem qui excepturi nemo est.', 'Array', '13h-20h', 0, '2022-06-21 20:25:10', '2022-06-24 16:01:44', 4),
(3, 'Marquardt, Connelly and Kuhlman', 'https://via.placeholder.com/640x480.png/0055aa?text=ut', 'https://via.placeholder.com/640x480.png/0033dd?text=nesciunt', 'exotique', 'Lake Edgar', '89654 Grimes Skyway Suite 538\nGusikowskimouth, CT 49740-2197', 'http://www.lynch.com/illum-libero-ea-aut-dolores.html', '478-246-5789', 'Nihil quis eum saepe quia ad.', 'Array', '8h-18h', 0, '2022-06-21 20:25:10', '2022-06-24 16:01:46', 2),
(4, 'Wiegand-Fisher', 'https://via.placeholder.com/640x480.png/0022dd?text=dolorum', 'https://via.placeholder.com/640x480.png/0000ff?text=sed', 'traditionnel', 'Domenicaberg', '347 Hettinger Pines\nCarrieshire, AK 41932', 'http://funk.com/dolorem-asperiores-culpa-autem-nemo-accusamus-magni-quaerat-corporis', '(445) 341-2798', 'Impedit nesciunt eum ipsa harum mollitia aut natus.', 'Array', '10h-20h', 1, '2022-06-21 20:25:10', '2022-06-24 16:01:46', 1),
(5, 'Reichert, Quitzon and Donnelly', 'https://via.placeholder.com/640x480.png/00ddcc?text=qui', 'https://via.placeholder.com/640x480.png/00dd44?text=nihil', 'exotique', 'Maggiomouth', '49559 Emmanuelle Courts\nGladyceshire, NM 59243-9379', 'http://heller.com/ipsam-excepturi-omnis-debitis-minus-autem-qui', '669-299-4676', 'Dolorem corporis est ut possimus quaerat et.', 'Array', '10h-20h', 0, '2022-06-21 20:25:10', '2022-06-24 16:01:46', 3),
(6, 'Bahringer, Kulas and Littel', 'https://via.placeholder.com/640x480.png/003399?text=suscipit', 'https://via.placeholder.com/640x480.png/002222?text=quo', 'exotique', 'South Rudyberg', '47451 Glennie Trail Suite 061\nNorth Martineville, CT 65262-1298', 'http://lind.biz/necessitatibus-quis-impedit-eum-modi-dolorem-id', '347.550.9786', 'Error nesciunt in quis commodi necessitatibus.', 'Array', '10h-20h', 0, '2022-06-21 20:25:10', '2022-06-24 16:01:46', 3),
(7, 'Marks-Christiansen', 'https://via.placeholder.com/640x480.png/0077ee?text=nemo', 'https://via.placeholder.com/640x480.png/00aadd?text=nostrum', 'traditionnel', 'North Jedidiahchester', '389 Auer Circles Apt. 383\nLake Arnotown, IN 93719-9550', 'http://kihn.com/ullam-tempore-quo-dolorem-incidunt', '1-838-586-0462', 'Deserunt perferendis aperiam est consequuntur aut at nam.', 'Array', '8h-18h', 0, '2022-06-21 20:25:10', '2022-06-24 16:01:46', 2),
(8, 'Abshire-Kilback', 'https://via.placeholder.com/640x480.png/006611?text=molestiae', 'https://via.placeholder.com/640x480.png/000011?text=quisquam', 'chinois', 'Beckerbury', '501 Caitlyn Estates Apt. 556\nCaspertown, OH 16342', 'https://www.zieme.net/quos-recusandae-provident-sapiente-tempora', '+1-815-494-1817', 'Velit debitis id nemo.', 'Array', '8h-18h', 0, '2022-06-21 20:25:10', '2022-06-29 17:00:03', 3),
(9, 'Kuhlman-Batz', 'https://via.placeholder.com/640x480.png/00eebb?text=ut', 'https://via.placeholder.com/640x480.png/00bbff?text=aut', 'chinois', 'North Rowanport', '68389 Josianne Glen\nGwendolynberg, WI 46658', 'https://greenholt.biz/suscipit-temporibus-perspiciatis-corporis-eius-pariatur.html', '+1-984-571-9682', 'Sunt omnis odio perspiciatis corrupti.', 'Array', '8h-18h', 1, '2022-06-21 20:25:10', '2022-07-01 15:00:02', 3),
(10, 'Ortiz-Goyette', 'https://via.placeholder.com/640x480.png/0066aa?text=amet', 'https://via.placeholder.com/640x480.png/0099bb?text=corrupti', 'traditionnel', 'South Aftonbury', '316 Herman Road Apt. 762\nHermanborough, AZ 62048', 'https://www.turcotte.info/aut-nam-et-voluptatem-illum-eius-atque', '786-552-5980', 'In laborum consequatur autem voluptates aut.', 'Array', '8h-18h', 0, '2022-06-21 20:25:11', '2022-07-01 15:00:02', 2),
(11, 'Metz, Tromp and Okuneva', 'https://via.placeholder.com/640x480.png/0055dd?text=similique', 'https://via.placeholder.com/640x480.png/004488?text=et', 'traditionnel', 'Gregoriabury', '36275 Wilhelmine Lodge Suite 658\nRobertsview, RI 10187-9868', 'http://www.hoeger.biz/similique-eius-aut-et-modi-debitis-nihil-nostrum', '+1-760-745-1147', 'Ut numquam qui non aliquam rem sunt.', 'Array', '13h-20h', 0, '2022-06-21 20:25:11', '2022-07-01 15:00:02', 2),
(12, 'Auer, Jacobi and Beatty', 'https://via.placeholder.com/640x480.png/009955?text=cupiditate', 'https://via.placeholder.com/640x480.png/00aa44?text=repellendus', 'chinois', 'West Jazlyn', '56067 Fernando Mills Suite 898\nKassulketown, OK 39072', 'http://smitham.com/dolores-delectus-assumenda-quisquam-commodi', '678.723.1975', 'Quas omnis quo sunt omnis.', 'Array', '10h-20h', 0, '2022-06-21 20:25:11', '2022-06-24 16:01:46', 4),
(13, 'Cronin-Johnston', 'https://via.placeholder.com/640x480.png/006600?text=impedit', 'https://via.placeholder.com/640x480.png/005566?text=voluptatem', 'traditionnel', 'South Elza', '266 Ernser Corner\nKarianeshire, TN 54833-2564', 'http://www.stanton.com/consequatur-nihil-error-sint-rem-perferendis-magnam', '+1.252.714.6232', 'Et ut totam rerum labore perferendis dignissimos.', 'Array', '10h-20h', 1, '2022-06-21 20:25:11', '2022-06-24 16:01:46', 3),
(14, 'Beer and Sons', 'https://via.placeholder.com/640x480.png/00bbff?text=et', 'https://via.placeholder.com/640x480.png/00ee88?text=aliquam', 'chinois', 'South Molly', '789 Emmett Crossroad\nWhitneybury, GA 06223-4064', 'http://cartwright.com/inventore-aut-rem-rerum-tempore-facilis-error', '843-890-6192', 'Consequuntur voluptatem et qui et nam in.', 'Array', '8h-18h', 0, '2022-06-21 20:25:11', '2022-07-01 14:00:03', 3),
(15, 'Lebsack-Swaniawski', 'https://via.placeholder.com/640x480.png/0011ff?text=ut', 'https://via.placeholder.com/640x480.png/00dd99?text=velit', 'traditionnel', 'Port Maymie', '944 Cruickshank Estates Apt. 615\nNew Drewfort, KS 26397', 'http://www.conroy.com/qui-sunt-officia-magnam-quia-ipsam-dolor', '+1 (469) 560-7798', 'Non voluptas velit assumenda deleniti accusamus distinctio.', 'Array', '10h-20h', 1, '2022-06-21 20:25:11', '2022-06-24 16:01:46', 3),
(16, 'Gleason, Armstrong and Lynch', 'https://via.placeholder.com/640x480.png/001188?text=aliquid', 'https://via.placeholder.com/640x480.png/005599?text=aut', 'exotique', 'Leschborough', '85257 Runolfsdottir Knolls Apt. 230\nKurtisfurt, NE 62270-5239', 'http://kovacek.com/omnis-exercitationem-dicta-aut-sint-voluptates.html', '+1 (719) 897-2402', 'Voluptate eaque vel enim ut ipsum voluptatem.', 'Array', '10h-20h', 0, '2022-06-21 20:25:11', '2022-06-24 16:01:47', 3),
(17, 'Anderson LLC', 'https://via.placeholder.com/640x480.png/0000cc?text=iste', 'https://via.placeholder.com/640x480.png/004488?text=nobis', 'exotique', 'Buckridgeside', '5404 Herzog Trace Suite 058\nDickinsonchester, NH 32247-3173', 'http://www.sanford.com/', '1-973-354-7707', 'Consequatur et et veritatis molestias autem.', 'Array', '10h-20h', 0, '2022-06-21 20:25:11', '2022-06-24 16:01:47', 3),
(18, 'Thompson, Glover and Hickle', 'https://via.placeholder.com/640x480.png/009944?text=molestiae', 'https://via.placeholder.com/640x480.png/0055bb?text=esse', 'exotique', 'Rosemarieview', '282 Nolan Passage\nRyanfort, WA 87193', 'http://www.mayert.biz/suscipit-rerum-qui-aut-esse-corporis', '(361) 416-7407', 'Earum et distinctio et animi aut.', 'Array', '10h-20h', 0, '2022-06-21 20:25:11', '2022-06-24 16:01:47', 3),
(19, 'Turner-Smitham', 'https://via.placeholder.com/640x480.png/00cc88?text=dolorem', 'https://via.placeholder.com/640x480.png/00ccff?text=voluptate', 'traditionnel', 'West Jada', '39437 Heidenreich Divide Suite 619\nAndersonbury, NE 95844', 'http://www.mohr.net/cupiditate-totam-eius-blanditiis-eum-minima-ipsa-omnis', '+1.901.334.2666', 'Et tempore distinctio omnis quia sed sit animi.', 'Array', '13h-20h', 0, '2022-06-21 20:25:11', '2022-06-24 16:01:47', 3),
(20, 'Carter, Dickinson and Jakubowski', 'https://via.placeholder.com/640x480.png/00bb22?text=doloribus', 'https://via.placeholder.com/640x480.png/002277?text=corporis', 'traditionnel', 'East Carmellafurt', '4358 Cordia Row\nNew Xandertown, TN 40066', 'http://www.feeney.com/maxime-et-dolores-assumenda-natus-officiis-sunt-at', '786.463.4379', 'Quis in quasi voluptatem expedita.', 'Array', '8h-18h', 1, '2022-06-21 20:25:11', '2022-06-24 16:01:47', 3),
(21, 'Labadie-VonRueden', 'https://via.placeholder.com/640x480.png/00dd88?text=repudiandae', 'https://via.placeholder.com/640x480.png/008844?text=enim', 'chinois', 'Tyreseport', '77281 Crona Route\nSouth Geneton, TN 44786-3632', 'http://www.schulist.com/consequatur-et-numquam-quis-et-dolorum', '512-368-7156', 'Qui modi eaque sit expedita natus aperiam est.', 'Array', '10h-20h', 1, '2022-06-21 20:25:11', '2022-06-24 16:01:47', 4),
(22, 'Denesik, Murray and Rau', 'https://via.placeholder.com/640x480.png/00ff66?text=vero', 'https://via.placeholder.com/640x480.png/00aa66?text=est', 'traditionnel', 'North Nicola', '8003 Esteban Lane\nLake Herthashire, PA 62430', 'http://bernhard.com/nostrum-sed-fuga-dolor.html', '(530) 290-3509', 'Provident nulla et tempora nam dolorem deserunt.', 'Array', '13h-20h', 0, '2022-06-21 20:25:11', '2022-06-24 16:01:47', 3),
(23, 'Gutmann Group', 'https://via.placeholder.com/640x480.png/0055cc?text=nisi', 'https://via.placeholder.com/640x480.png/0000cc?text=officiis', 'traditionnel', 'Jacobsonton', '766 Cummerata Cape\nKendrickland, TX 17986', 'http://www.wilkinson.info/aut-et-consequatur-labore-aut-ut-minima.html', '361.862.4341', 'Iusto consequuntur qui nam.', 'Array', '10h-20h', 0, '2022-06-21 20:25:11', '2022-06-24 16:01:47', 2),
(24, 'Ward, Cummerata and Schaden', 'https://via.placeholder.com/640x480.png/006622?text=accusantium', 'https://via.placeholder.com/640x480.png/00cc22?text=quo', 'exotique', 'Adelestad', '408 Maud Stravenue Apt. 981\nTremblayburgh, ME 09099', 'http://huels.com/', '1-785-218-0345', 'Sapiente delectus tempora aspernatur.', 'Array', '10h-20h', 1, '2022-06-21 20:25:11', '2022-06-24 16:01:47', 3),
(25, 'Schaefer and Sons', 'https://via.placeholder.com/640x480.png/00cc33?text=ut', 'https://via.placeholder.com/640x480.png/00bb00?text=voluptas', 'exotique', 'East Jabarifort', '5887 Erica Divide\nGorczanybury, NV 92785-6253', 'https://www.pouros.org/sapiente-ut-sit-tempore-tempore-non', '774-345-9011', 'Ipsa ex dignissimos et eos earum pariatur quaerat.', 'Array', '13h-20h', 0, '2022-06-21 20:25:11', '2022-06-24 16:01:47', 3),
(26, 'Aufderhar, Wyman and Ondricka', 'https://via.placeholder.com/640x480.png/00bbff?text=omnis', 'https://via.placeholder.com/640x480.png/00ee22?text=maiores', 'chinois', 'Hintztown', '884 Reynolds Orchard\nMelodytown, CT 61206', 'http://www.corkery.biz/occaecati-excepturi-possimus-voluptates-ipsa-sit', '260-623-3828', 'Et laborum voluptatem nam.', 'Array', '13h-20h', 0, '2022-06-21 20:25:11', '2022-06-24 16:01:47', 3),
(27, 'Koch PLC', 'https://via.placeholder.com/640x480.png/006688?text=eveniet', 'https://via.placeholder.com/640x480.png/001133?text=assumenda', 'chinois', 'Lake Laneyland', '560 Torp Wall Apt. 817\nKittyfurt, NH 99976-7354', 'http://www.ernser.com/magnam-harum-minus-ut-illo', '+13216937287', 'Itaque tempora accusantium dolores cumque voluptatem nihil.', 'Array', '13h-20h', 1, '2022-06-21 20:25:12', '2022-07-01 15:00:02', 2),
(28, 'Reilly-Hodkiewicz', 'https://via.placeholder.com/640x480.png/003366?text=ut', 'https://via.placeholder.com/640x480.png/00aa11?text=quis', 'chinois', 'West Jaquelinview', '151 Lehner Crossroad Apt. 258\nSouth Carroll, MT 91888-6895', 'http://pouros.com/vitae-modi-velit-in-est', '+1-303-680-9342', 'Deserunt recusandae quas et in.', 'Array', '13h-20h', 1, '2022-06-21 20:25:12', '2022-06-24 16:01:47', 3),
(29, 'Dickinson, Ankunding and Lowe', 'https://via.placeholder.com/640x480.png/0011ff?text=similique', 'https://via.placeholder.com/640x480.png/0066aa?text=aut', 'traditionnel', 'Bennyside', '7957 Lisa Mall Apt. 376\nAdeliaside, ND 13895', 'http://greenfelder.biz/', '442.949.7365', 'Id impedit numquam vel qui sed perspiciatis.', 'Array', '8h-18h', 1, '2022-06-21 20:25:12', '2022-07-01 15:00:02', 3),
(30, 'Klocko LLC', 'https://via.placeholder.com/640x480.png/00aa99?text=recusandae', 'https://via.placeholder.com/640x480.png/00dd00?text=nihil', 'traditionnel', 'East Fordchester', '5747 Runolfsdottir Falls Apt. 322\nSwiftborough, TX 30472', 'http://sawayn.com/non-placeat-voluptates-ratione-enim-aut-quis-officiis', '(903) 887-8443', 'Amet molestias rerum quisquam aut quo minima non.', 'Array', '10h-20h', 1, '2022-06-21 20:25:12', '2022-06-24 16:01:47', 2),
(31, 'Mante, Schmeler and Kirlin', 'https://via.placeholder.com/640x480.png/0088ee?text=quia', 'https://via.placeholder.com/640x480.png/004411?text=repudiandae', 'traditionnel', 'Port Rogersview', '69239 Schmidt Points\nKenyashire, MN 68595', 'http://fritsch.org/non-eaque-quo-cumque', '623.562.8051', 'At delectus vitae a.', 'Array', '10h-20h', 0, '2022-06-21 20:25:12', '2022-06-24 16:01:47', 2),
(32, 'Smith PLC', 'https://via.placeholder.com/640x480.png/0099bb?text=esse', 'https://via.placeholder.com/640x480.png/0011aa?text=adipisci', 'exotique', 'New Odell', '92094 Mills Camp Suite 173\nWest Nicholebury, IN 36542', 'http://www.kub.org/quia-veritatis-sint-earum-a-officia-tenetur', '469.725.5622', 'Alias magni mollitia dolor consequatur omnis.', 'Array', '13h-20h', 1, '2022-06-21 20:25:12', '2022-06-24 16:01:47', 3),
(33, 'Gutmann-Beahan', 'https://via.placeholder.com/640x480.png/00ff88?text=tempora', 'https://via.placeholder.com/640x480.png/0000bb?text=tempora', 'chinois', 'Kihnton', '2574 Thea Junctions Suite 258\nPort Justonfort, NE 71010-6408', 'http://www.bergnaum.info/dolores-accusantium-error-libero-impedit-iusto', '+1-820-978-0230', 'Harum vero sequi laudantium velit quis.', 'Array', '8h-18h', 1, '2022-06-21 20:25:12', '2022-06-24 16:01:48', 1),
(34, 'Metz Ltd', 'https://via.placeholder.com/640x480.png/0022aa?text=iusto', 'https://via.placeholder.com/640x480.png/009966?text=perferendis', 'traditionnel', 'West Jeanetteland', '699 Shayna Coves Suite 331\nLake Jammie, NV 94478', 'http://www.strosin.com/ipsam-officia-magni-molestias-voluptatum-nemo', '(828) 986-9328', 'Ea voluptatibus et velit culpa similique.', 'Array', '13h-20h', 1, '2022-06-21 20:25:12', '2022-06-24 16:01:48', 3),
(35, 'Swift-Kunde', 'https://via.placeholder.com/640x480.png/008899?text=quaerat', 'https://via.placeholder.com/640x480.png/006655?text=excepturi', 'traditionnel', 'West Corbin', '8401 Jovany Station\nLake Ryanhaven, WI 56032', 'http://www.jacobson.com/quia-asperiores-et-vel-voluptatem', '(762) 201-2134', 'Corrupti qui sint id ut.', 'Array', '8h-18h', 0, '2022-06-21 20:25:12', '2022-06-24 16:01:48', 3),
(36, 'Berge, Kerluke and Hessel', 'https://via.placeholder.com/640x480.png/004455?text=aut', 'https://via.placeholder.com/640x480.png/0033bb?text=et', 'exotique', 'Jacobifort', '790 Winnifred Roads\nPort Furmanshire, IN 88442', 'http://www.nitzsche.com/', '(520) 841-9401', 'Tenetur rerum recusandae expedita est.', 'Array', '8h-18h', 0, '2022-06-21 20:25:12', '2022-06-24 16:01:48', 3),
(37, 'Deckow and Sons', 'https://via.placeholder.com/640x480.png/00bb77?text=vel', 'https://via.placeholder.com/640x480.png/0022ee?text=iste', 'traditionnel', 'North Teresa', '5723 Jailyn Point Suite 151\nEast Odellburgh, NC 61539-8842', 'http://www.hoppe.com/', '832-774-8832', 'Quia possimus dolor est consequatur aliquid modi porro vero.', 'Array', '10h-20h', 1, '2022-06-21 20:25:12', '2022-06-24 16:01:49', 4),
(38, 'Schmeler-Klocko', 'https://via.placeholder.com/640x480.png/0044ff?text=possimus', 'https://via.placeholder.com/640x480.png/0011cc?text=enim', 'traditionnel', 'Homenickview', '5327 Bins Plaza Suite 092\nNorth Asia, MD 32984-2018', 'http://www.schultz.com/et-est-aut-tempora', '+13323444718', 'Aspernatur possimus reprehenderit incidunt eaque.', 'Array', '8h-18h', 0, '2022-06-21 20:25:12', '2022-06-24 16:01:49', 3),
(39, 'Ferry PLC', 'https://via.placeholder.com/640x480.png/0044bb?text=illum', 'https://via.placeholder.com/640x480.png/007722?text=sint', 'traditionnel', 'New Coltborough', '59348 Bartell Corner\nHanemouth, NM 97916', 'https://abbott.com/id-fugit-eos-qui-et-omnis.html', '347-740-7233', 'Perferendis excepturi voluptates eligendi ab.', 'Array', '13h-20h', 0, '2022-06-21 20:25:12', '2022-06-24 16:01:49', 2),
(40, 'Keebler Group', 'https://via.placeholder.com/640x480.png/00ddaa?text=laborum', 'https://via.placeholder.com/640x480.png/004411?text=vel', 'exotique', 'Tyshawnmouth', '7013 Beth Run Apt. 859\nBabyfort, CA 44294', 'http://www.deckow.com/ea-nobis-eaque-similique-non-sapiente', '1-843-759-5487', 'Doloribus consequatur consequatur et reiciendis aspernatur et ut et.', 'Array', '8h-18h', 0, '2022-06-21 20:25:12', '2022-06-24 16:01:49', 3),
(41, 'Schmeler, Christiansen and Pfeffer', 'https://via.placeholder.com/640x480.png/0022ff?text=est', 'https://via.placeholder.com/640x480.png/001177?text=consequatur', 'traditionnel', 'Nyamouth', '32962 Labadie Loop Suite 714\nRethafort, NV 92108-2803', 'http://www.ratke.com/distinctio-est-omnis-quo-rerum-fuga-iste-eum.html', '+12544986128', 'Sed eum ut facere debitis similique eveniet.', 'Array', '8h-18h', 1, '2022-06-21 20:25:12', '2022-06-24 16:01:49', 3),
(42, 'Ward, Predovic and White', 'https://via.placeholder.com/640x480.png/00ccdd?text=eveniet', 'https://via.placeholder.com/640x480.png/008899?text=sint', 'exotique', 'Mitchellhaven', '9711 Moore Light\nAnabelbury, MT 98316', 'https://boehm.net/nobis-nesciunt-id-doloremque-optio-sunt-quis-enim.html', '+1.936.613.9653', 'Qui ut et expedita magnam.', 'Array', '8h-18h', 1, '2022-06-21 20:25:12', '2022-06-24 16:01:49', 4),
(43, 'Abernathy-Rau', 'https://via.placeholder.com/640x480.png/003388?text=sit', 'https://via.placeholder.com/640x480.png/004455?text=et', 'exotique', 'Meredithland', '400 Alessia Row\nEichmannmouth, LA 54730-2453', 'http://hansen.biz/accusantium-rem-dicta-neque-commodi', '929.489.0277', 'Nostrum dolor eius pariatur mollitia omnis aut necessitatibus.', 'Array', '8h-18h', 0, '2022-06-21 20:25:13', '2022-06-24 16:01:49', 2),
(44, 'Huels-Price', 'https://via.placeholder.com/640x480.png/0033ff?text=laboriosam', 'https://via.placeholder.com/640x480.png/0088aa?text=magnam', 'exotique', 'South Ferne', '334 Mueller Lake Suite 587\nHoytside, OH 94959-2626', 'http://www.howell.com/provident-esse-sunt-voluptatem-voluptas.html', '1-279-292-0440', 'Laboriosam voluptate asperiores rerum nihil quo quibusdam est.', 'Array', '13h-20h', 0, '2022-06-21 20:25:13', '2022-06-29 17:00:03', 3),
(45, 'Weissnat Group', 'https://via.placeholder.com/640x480.png/0000aa?text=debitis', 'https://via.placeholder.com/640x480.png/000088?text=quia', 'exotique', 'Port Luna', '1455 Name Extension\nLake Pauline, OR 14962-0182', 'http://www.kerluke.com/rem-id-vitae-similique-sapiente-nesciunt', '(774) 223-3751', 'Necessitatibus eveniet laudantium repellendus ea atque.', 'Array', '13h-20h', 1, '2022-06-21 20:25:13', '2022-07-01 15:00:02', 4),
(46, 'Paucek Group', 'https://via.placeholder.com/640x480.png/00bb33?text=sint', 'https://via.placeholder.com/640x480.png/005511?text=doloremque', 'exotique', 'Port Felixhaven', '84192 Dustin Route Suite 583\nHelgastad, PA 67922', 'http://ryan.com/voluptatibus-laudantium-ut-veritatis', '(609) 967-4959', 'Incidunt optio commodi inventore.', 'Array', '10h-20h', 0, '2022-06-21 20:25:13', '2022-06-24 16:01:49', 4),
(47, 'Renner-Hayes', 'https://via.placeholder.com/640x480.png/00ddbb?text=repellat', 'https://via.placeholder.com/640x480.png/003366?text=nihil', 'exotique', 'Nolanfurt', '41909 Gavin Center Suite 316\nAugustineside, MN 20493-4389', 'http://www.konopelski.com/non-repellendus-et-ut-sapiente-magni', '(601) 308-3248', 'Blanditiis sint sit corporis.', 'Array', '13h-20h', 0, '2022-06-21 20:25:13', '2022-06-24 16:01:49', 1),
(48, 'Gleichner, McDermott and Hoeger', 'https://via.placeholder.com/640x480.png/00ee33?text=expedita', 'https://via.placeholder.com/640x480.png/00cc22?text=consequatur', 'traditionnel', 'Reillybury', '59900 Jerde Islands Suite 562\nSouth Myrticehaven, MS 80279', 'http://turner.info/', '+1 (269) 905-6916', 'Incidunt quae voluptatem maiores unde.', 'Array', '8h-18h', 0, '2022-06-21 20:25:13', '2022-07-01 14:00:03', 3),
(49, 'Waters, Kertzmann and Jones', 'https://via.placeholder.com/640x480.png/000000?text=blanditiis', 'https://via.placeholder.com/640x480.png/001122?text=dolores', 'chinois', 'Amiyaborough', '9800 Pacocha Island\nPort Devonton, NV 42321', 'http://predovic.info/aut-fugiat-aut-doloribus-et.html', '+1-424-301-0929', 'Hic et ullam eaque necessitatibus est officiis dolorem laudantium.', 'Array', '8h-18h', 0, '2022-06-21 20:25:13', '2022-06-24 16:01:49', 3),
(50, 'Bednar Inc', 'https://via.placeholder.com/640x480.png/003399?text=vel', 'https://via.placeholder.com/640x480.png/0077bb?text=tempore', 'exotique', 'South Aliyahaven', '600 Santino Cape Suite 271\nNew Emeliemouth, WV 58055', 'http://zieme.com/', '812-536-3554', 'Aut quibusdam et architecto quam.', 'Array', '8h-18h', 1, '2022-06-21 20:25:13', '2022-06-29 17:00:03', 5),
(51, 'Boyer, King and Kuhn', 'https://via.placeholder.com/640x480.png/001144?text=deleniti', 'https://via.placeholder.com/640x480.png/00bb55?text=qui', 'exotique', 'Zboncakberg', '92888 Cleta Field\nSandymouth, AL 14554', 'https://fay.com/quia-et-deserunt-est-reprehenderit.html', '(715) 663-1690', 'Ullam saepe a consectetur ratione repudiandae.', 'Voluptas repudiandae earum error veritatis. Eius reiciendis repellat aut ut est. Et quos quod dolorum. Ratione sunt et eum qui repudiandae. Sint quos officia voluptates.', '13h-20h', 1, '2022-07-01 15:35:17', '2022-07-01 15:40:33', 0),
(52, 'Ward PLC', 'https://via.placeholder.com/640x480.png/00ccee?text=aliquid', 'https://via.placeholder.com/640x480.png/007788?text=exercitationem', 'traditionnel', 'Lake Biankaview', '965 Mraz Avenue\nLelahshire, OR 59330-2285', 'https://www.baumbach.com/commodi-autem-autem-ut-recusandae-quia-et-reprehenderit-ea', '651.630.1728', 'Quae id earum non amet maiores quasi.', 'Consectetur nam praesentium cupiditate ex sit occaecati dolorum. Est et veritatis et non suscipit est. Quo inventore ab voluptates eveniet amet delectus sed. Porro sapiente distinctio quidem vitae illum possimus quia. Aut error reiciendis ut vero rem.', '13h-20h', 0, '2022-07-01 15:35:17', '2022-07-01 15:40:33', 0),
(53, 'Spinka-Powlowski', 'https://via.placeholder.com/640x480.png/0055ff?text=sit', 'https://via.placeholder.com/640x480.png/00aa22?text=voluptates', 'exotique', 'Claramouth', '767 Giovani Pike\nNorwoodchester, IL 30122-5187', 'http://shields.com/', '(512) 617-3927', 'Est quod odit unde illo odit.', 'Ullam repudiandae quia aut et modi quis enim. Molestias sunt enim ullam dolorem sit voluptate delectus. Cum doloribus accusantium repellendus praesentium ea est. Eum vitae voluptatum ut in quaerat et reiciendis.', '8h-18h', 0, '2022-07-01 15:35:18', '2022-07-01 15:40:34', 4),
(54, 'Koelpin Inc', 'https://via.placeholder.com/640x480.png/0000ee?text=nam', 'https://via.placeholder.com/640x480.png/0077cc?text=laboriosam', 'chinois', 'North Al', '30772 Destany Ferry\nEverardoport, NV 82870-8053', 'http://jones.com/dicta-velit-in-molestiae-voluptatum.html', '318.706.8002', 'Voluptatibus hic assumenda minima sit libero magni.', 'Officiis itaque asperiores unde quis sit. Placeat et voluptas tempora sapiente temporibus quo. Rerum eum adipisci quia. Qui pariatur facilis blanditiis repellendus. Odio autem aut rerum accusantium corrupti.', '13h-20h', 0, '2022-07-01 15:35:18', '2022-07-01 15:40:34', 0),
(55, 'Franecki PLC', 'https://via.placeholder.com/640x480.png/005555?text=numquam', 'https://via.placeholder.com/640x480.png/0066ff?text=placeat', 'exotique', 'Lake Ron', '8243 Ankunding Inlet\nLake Colbyton, KY 92111-6785', 'https://www.bechtelar.com/hic-esse-sint-voluptates-nulla-est-voluptate-est-nulla', '+1.303.575.8748', 'Minus ipsam commodi consequatur quasi officiis iure soluta.', 'Sint ut doloremque rem. Nesciunt voluptatibus nesciunt debitis deserunt sint vel. Quis error quis voluptas non id.', '10h-20h', 1, '2022-07-01 15:35:18', '2022-07-01 15:40:34', 0);

-- --------------------------------------------------------

--
-- Structure de la table `reviews`
--

CREATE TABLE `reviews` (
  `id` bigint(20) UNSIGNED NOT NULL,
  `user_id` bigint(20) UNSIGNED NOT NULL,
  `restaurant_id` bigint(20) UNSIGNED NOT NULL,
  `comment` longtext COLLATE utf8mb4_unicode_ci,
  `rating` double NOT NULL,
  `created_at` timestamp NULL DEFAULT NULL,
  `updated_at` timestamp NULL DEFAULT NULL,
  `status` tinyint(1) NOT NULL DEFAULT '1'
) ENGINE=InnoDB DEFAULT CHARSET=utf8mb4 COLLATE=utf8mb4_unicode_ci;

--
-- Déchargement des données de la table `reviews`
--

INSERT INTO `reviews` (`id`, `user_id`, `restaurant_id`, `comment`, `rating`, `created_at`, `updated_at`, `status`) VALUES
(1, 1, 29, 'Ea qui fugiat saepe id quisquam est occaecati.', 4.6, '2022-06-21 20:26:09', '2022-06-21 20:26:09', 1),
(2, 20, 48, 'Ut veniam cumque numquam voluptatum quis.', 0.9, '2022-06-21 20:26:10', '2022-06-21 20:26:10', 1),
(3, 21, 44, 'Et minima consectetur error quam est.', 0.4, '2022-06-21 20:26:10', '2022-06-21 20:26:10', 1),
(4, 20, 23, 'Suscipit sit quis eum qui veniam illo animi.', 0.8, '2022-06-21 20:26:10', '2022-06-21 20:26:10', 1),
(6, 26, 15, 'Et dicta nulla eos est molestiae magnam iure.', 4.6, '2022-06-21 20:26:10', '2022-06-21 20:26:10', 1),
(7, 29, 44, 'Non est eos iure non et itaque quam.', 3.9, '2022-06-21 20:26:10', '2022-06-21 20:26:10', 1),
(8, 1, 10, 'Vitae voluptas quaerat animi enim.', 3.9, '2022-06-21 20:26:10', '2022-06-21 20:26:10', 1),
(9, 5, 30, 'Quis hic ut quia atque laborum eum.', 1, '2022-06-21 20:26:10', '2022-06-21 20:26:10', 1),
(10, 7, 1, 'Distinctio dolor facilis quidem doloremque vero sit commodi.', 4.6, '2022-06-21 20:26:10', '2022-06-21 20:26:10', 1),
(11, 10, 9, 'Ipsum dolorum quasi harum.', 1.5, '2022-06-21 20:26:10', '2022-06-21 20:26:10', 1),
(12, 11, 24, 'Vitae maxime nam a quos.', 3.5, '2022-06-21 20:26:10', '2022-06-21 20:26:10', 1),
(13, 3, 48, 'Perferendis quia quia quia dolor.', 1.5, '2022-06-21 20:26:10', '2022-06-21 20:26:10', 1),
(14, 9, 31, 'Aperiam perspiciatis veritatis totam dolorum sunt dicta.', 1.6, '2022-06-21 20:26:10', '2022-06-21 20:26:10', 1),
(15, 11, 5, 'Voluptatem corporis dolorum nobis repellendus et doloribus.', 1.3, '2022-06-21 20:26:10', '2022-06-21 20:26:10', 1),
(16, 20, 16, 'Qui ut porro autem magnam vero omnis.', 0.5, '2022-06-21 20:26:10', '2022-06-21 20:26:10', 1),
(17, 14, 43, 'Dolorem tempora assumenda accusantium voluptas rerum.', 0.7, '2022-06-21 20:26:10', '2022-06-21 20:26:10', 1),
(18, 26, 44, 'Eum sapiente dolores et exercitationem omnis.', 2, '2022-06-21 20:26:10', '2022-06-21 20:26:10', 1),
(19, 20, 31, 'Consequuntur explicabo aut reprehenderit earum.', 4.5, '2022-06-21 20:26:10', '2022-06-21 20:26:10', 1),
(20, 15, 2, 'Accusantium quia optio qui qui.', 4.8, '2022-06-21 20:26:10', '2022-06-21 20:26:10', 1),
(21, 30, 30, 'Tenetur id illum architecto voluptas optio rerum velit.', 3.7, '2022-06-21 20:26:10', '2022-06-21 20:26:10', 1),
(22, 19, 35, 'Eum non rerum debitis placeat maiores.', 3.2, '2022-06-21 20:26:10', '2022-06-21 20:26:10', 1),
(23, 1, 17, 'Impedit quo vel nostrum accusamus.', 1.3, '2022-06-21 20:26:10', '2022-06-21 20:26:10', 1),
(24, 2, 16, 'Voluptas consequatur sit qui cumque voluptate ab sapiente.', 2.3, '2022-06-21 20:26:10', '2022-06-21 20:26:10', 1),
(25, 19, 8, 'Consequatur excepturi dignissimos recusandae aspernatur aspernatur.', 4.4, '2022-06-21 20:26:10', '2022-06-21 20:26:10', 1),
(26, 28, 28, 'Aspernatur nobis et quos cumque amet.', 3.9, '2022-06-21 20:26:10', '2022-06-21 20:26:10', 1),
(27, 3, 48, 'Et et cum ratione.', 4.2, '2022-06-21 20:26:10', '2022-06-21 20:26:10', 1),
(28, 10, 49, 'Et dolor ipsum commodi.', 2.1, '2022-06-21 20:26:10', '2022-06-21 20:26:10', 1),
(29, 11, 30, 'Nam reprehenderit animi ducimus et dolor.', 2, '2022-06-21 20:26:10', '2022-06-21 20:26:10', 1),
(30, 20, 5, 'Aut deserunt id inventore veniam est.', 3.4, '2022-06-21 20:26:10', '2022-06-21 20:26:10', 1),
(31, 22, 1, 'Doloribus ipsam qui nihil veritatis numquam a.', 2.1, '2022-06-21 20:26:10', '2022-06-21 20:26:10', 1),
(32, 12, 29, 'Aspernatur et est earum rerum dignissimos libero et.', 2.3, '2022-06-21 20:26:10', '2022-06-21 20:26:10', 1),
(33, 2, 17, 'Reiciendis facilis totam ea dignissimos.', 0.9, '2022-06-21 20:26:10', '2022-06-21 20:26:10', 1),
(34, 10, 1, 'Quaerat dolorem in repellendus est autem maiores temporibus.', 1.4, '2022-06-21 20:26:10', '2022-06-21 20:26:10', 1),
(35, 17, 20, 'Quibusdam voluptatem est eveniet repellendus.', 0.3, '2022-06-21 20:26:10', '2022-06-21 20:26:10', 1),
(36, 16, 42, 'Et quisquam id labore id voluptas iste.', 2.4, '2022-06-21 20:26:10', '2022-06-21 20:26:10', 1),
(37, 6, 24, 'Architecto numquam ea quisquam alias provident eum occaecati.', 1.4, '2022-06-21 20:26:10', '2022-06-21 20:26:10', 1),
(38, 4, 41, 'Hic consequatur hic vel iusto eum.', 2.9, '2022-06-21 20:26:10', '2022-06-21 20:26:10', 1),
(39, 6, 5, 'Aut non quae omnis quia.', 2.6, '2022-06-21 20:26:10', '2022-06-21 20:26:10', 1),
(40, 11, 35, 'Omnis quia dolorum qui enim.', 3.5, '2022-06-21 20:26:10', '2022-06-21 20:26:10', 1),
(41, 8, 31, 'Saepe quia deserunt qui culpa eius quia ut.', 1.4, '2022-06-21 20:26:10', '2022-06-21 20:26:10', 1),
(42, 27, 44, 'Sit placeat voluptatem recusandae odit eius exercitationem tenetur.', 1.6, '2022-06-21 20:26:10', '2022-06-21 20:26:10', 1),
(43, 24, 36, 'Nam aliquam et laboriosam sed.', 3.6, '2022-06-21 20:26:10', '2022-06-21 20:26:10', 1),
(44, 23, 7, 'Enim consequuntur beatae sapiente.', 3.5, '2022-06-21 20:26:10', '2022-06-21 20:26:10', 1),
(45, 6, 30, 'Qui commodi quisquam esse nihil aut facere.', 0.8, '2022-06-21 20:26:11', '2022-06-21 20:26:11', 1),
(46, 27, 44, 'Et voluptatem perspiciatis hic sit laboriosam.', 2.7, '2022-06-21 20:26:11', '2022-06-21 20:26:11', 1),
(47, 11, 18, 'Harum suscipit ipsam deleniti vel.', 1.7, '2022-06-21 20:26:11', '2022-06-21 20:26:11', 1),
(48, 19, 33, 'Accusantium magni et delectus dolorum velit.', 0.4, '2022-06-21 20:26:11', '2022-06-21 20:26:11', 1),
(49, 30, 32, 'Corporis ea voluptatum nemo qui.', 4.2, '2022-06-21 20:26:11', '2022-06-21 20:26:11', 1),
(50, 16, 49, 'Et totam maxime ea ut eum nobis.', 4.4, '2022-06-21 20:26:11', '2022-06-21 20:26:11', 1),
(51, 18, 43, 'Numquam quaerat consequuntur doloribus dignissimos et dolorum.', 2.1, '2022-06-21 20:26:11', '2022-06-21 20:26:11', 1),
(52, 17, 41, 'Impedit consequuntur magni corporis enim est.', 1.3, '2022-06-21 20:26:11', '2022-06-21 20:26:11', 1),
(53, 27, 35, 'Possimus ut ab eaque eveniet et.', 1.4, '2022-06-21 20:26:11', '2022-06-21 20:26:11', 1),
(54, 30, 11, 'Porro autem vitae rerum voluptas doloribus omnis aut.', 0.9, '2022-06-21 20:26:11', '2022-06-21 20:26:11', 1),
(55, 1, 18, 'Itaque temporibus ducimus autem nemo suscipit.', 2.6, '2022-06-21 20:26:11', '2022-06-21 20:26:11', 1),
(56, 11, 3, 'Voluptate autem delectus tenetur eos.', 2.2, '2022-06-21 20:26:11', '2022-06-21 20:26:11', 1),
(57, 30, 40, 'Ut provident velit accusantium eius ullam sit ea.', 1, '2022-06-21 20:26:11', '2022-06-21 20:26:11', 1),
(58, 28, 41, 'Quod at soluta sapiente illo quia accusamus dicta minus.', 3.7, '2022-06-21 20:26:11', '2022-06-21 20:26:11', 1),
(59, 1, 17, 'Et totam rerum molestias sunt qui debitis non.', 2.1, '2022-06-21 20:26:11', '2022-06-21 20:26:11', 1),
(60, 3, 6, 'Voluptate autem id qui molestiae quos veritatis.', 2.8, '2022-06-21 20:26:11', '2022-06-21 20:26:11', 1),
(61, 27, 42, 'Qui ut repellat nam nisi.', 4.9, '2022-06-21 20:26:11', '2022-06-21 20:26:11', 1),
(62, 15, 26, 'Eum cumque nemo nihil pariatur dolores iure aliquid.', 3, '2022-06-21 20:26:11', '2022-06-21 20:26:11', 1),
(63, 27, 41, 'Laboriosam commodi inventore ut quam.', 3.6, '2022-06-21 20:26:11', '2022-06-21 20:26:11', 1),
(64, 5, 37, 'Quo doloribus repellat necessitatibus quo quae.', 4.9, '2022-06-21 20:26:11', '2022-06-21 20:26:11', 1),
(65, 22, 22, 'Saepe enim neque provident sit voluptates adipisci excepturi.', 3.1, '2022-06-21 20:26:11', '2022-06-21 20:26:11', 1),
(66, 26, 8, 'Quia nulla rerum odio eum molestias.', 3.4, '2022-06-21 20:26:11', '2022-06-21 20:26:11', 1),
(67, 29, 19, 'Numquam nostrum non voluptate odio harum repellat.', 1.2, '2022-06-21 20:26:11', '2022-06-21 20:26:11', 1),
(68, 30, 33, 'Ea eligendi sed rem doloremque rem eos.', 3.1, '2022-06-21 20:26:11', '2022-06-21 20:26:11', 1),
(69, 23, 16, 'Quos animi debitis est exercitationem.', 3.8, '2022-06-21 20:26:11', '2022-06-21 20:26:11', 1),
(70, 10, 18, 'Nemo dolores nulla illum sunt.', 4.3, '2022-06-21 20:26:11', '2022-06-21 20:26:11', 1),
(71, 24, 17, 'Delectus laborum vel mollitia ut consectetur.', 0.5, '2022-06-21 20:26:11', '2022-06-21 20:26:11', 1),
(72, 10, 15, 'Pariatur est sequi vero qui totam.', 2.8, '2022-06-21 20:26:11', '2022-06-21 20:26:11', 1),
(73, 21, 33, 'Eum qui dolorem quis nostrum quisquam.', 1.5, '2022-06-21 20:26:11', '2022-06-21 20:26:11', 1),
(74, 3, 28, 'Culpa iusto cumque commodi corporis.', 3.8, '2022-06-21 20:26:11', '2022-06-21 20:26:11', 1),
(75, 11, 22, 'Omnis ut molestias et labore totam dolor.', 1.8, '2022-06-21 20:26:11', '2022-06-21 20:26:11', 1),
(76, 11, 4, 'Quibusdam sint aliquid ex.', 0.5, '2022-06-21 20:26:11', '2022-06-21 20:26:11', 1),
(77, 17, 3, 'Dolorem blanditiis dolor et est assumenda.', 1.2, '2022-06-21 20:26:11', '2022-06-21 20:26:11', 1),
(78, 17, 18, 'Quis voluptatem molestiae laborum.', 2.7, '2022-06-21 20:26:11', '2022-06-21 20:26:11', 1),
(79, 8, 11, 'Aperiam consequatur ea aut dolorem cum sed.', 0.4, '2022-06-21 20:26:11', '2022-06-21 20:26:11', 1),
(80, 25, 26, 'Labore aut adipisci laboriosam id deleniti ipsum quia quo.', 2.4, '2022-06-21 20:26:11', '2022-06-21 20:26:11', 1),
(81, 10, 4, 'Delectus non error nam et.', 0.6, '2022-06-21 20:26:11', '2022-06-21 20:26:11', 1),
(82, 10, 16, 'Voluptas qui et cupiditate est nesciunt fugiat voluptatibus.', 4.1, '2022-06-21 20:26:11', '2022-06-21 20:26:11', 1),
(83, 28, 11, 'Dolor laudantium voluptas quidem quo.', 0.2, '2022-06-21 20:26:11', '2022-06-21 20:26:11', 1),
(84, 12, 37, 'Ut perspiciatis vero placeat modi quia est.', 2.1, '2022-06-21 20:26:11', '2022-06-21 20:26:11', 1),
(85, 2, 46, 'Error quia ab dignissimos id nobis.', 3.1, '2022-06-21 20:26:11', '2022-06-21 20:26:11', 1),
(86, 11, 30, 'Atque consequuntur omnis nostrum vitae animi.', 4.6, '2022-06-21 20:26:11', '2022-06-21 20:26:11', 1),
(87, 23, 16, 'Enim veritatis sunt sint sequi perspiciatis.', 1.3, '2022-06-21 20:26:11', '2022-06-21 20:26:11', 1),
(88, 8, 38, 'Dolorum et perspiciatis fugit temporibus laborum earum asperiores.', 2.4, '2022-06-21 20:26:11', '2022-06-21 20:26:11', 1),
(89, 17, 18, 'Aut soluta odit magnam.', 2, '2022-06-21 20:26:11', '2022-06-21 20:26:11', 1),
(90, 27, 17, 'Fugit nobis ab sint recusandae.', 4.5, '2022-06-21 20:26:11', '2022-06-21 20:26:11', 1),
(91, 2, 27, 'Nisi omnis natus deserunt tempore et natus qui.', 3.4, '2022-06-21 20:26:11', '2022-06-21 20:26:11', 1),
(92, 5, 38, 'Distinctio nobis est unde doloremque in sunt.', 3.5, '2022-06-21 20:26:11', '2022-06-21 20:26:11', 1),
(93, 15, 21, 'Id et quae voluptatem velit quaerat enim qui.', 4.1, '2022-06-21 20:26:11', '2022-06-21 20:26:11', 1),
(94, 30, 22, 'Aut maiores veritatis qui temporibus et distinctio quas.', 1.4, '2022-06-21 20:26:11', '2022-06-21 20:26:11', 1),
(95, 5, 23, 'Eius harum aspernatur vel sint maiores.', 4.5, '2022-06-21 20:26:11', '2022-06-21 20:26:11', 1),
(96, 19, 35, 'Blanditiis vitae eum nihil error et nulla et tenetur.', 2.5, '2022-06-21 20:26:12', '2022-06-21 20:26:12', 1),
(97, 17, 37, 'Consequatur fuga rerum beatae aliquam sint eos molestiae.', 3.6, '2022-06-21 20:26:12', '2022-06-21 20:26:12', 1),
(98, 7, 34, 'Laborum iure recusandae debitis maiores voluptas.', 2.7, '2022-06-21 20:26:12', '2022-06-21 20:26:12', 1),
(99, 9, 47, 'Corrupti harum facere quo molestias voluptatem.', 1.2, '2022-06-21 20:26:12', '2022-06-21 20:26:12', 1),
(100, 23, 8, 'Molestiae perferendis assumenda dolor.', 1.6, '2022-06-21 20:26:12', '2022-06-21 20:26:12', 1),
(101, 26, 3, 'Maxime et voluptas nulla.', 3.8, '2022-06-21 20:26:12', '2022-06-21 20:26:12', 1),
(102, 9, 32, 'Fugiat assumenda ut mollitia rerum.', 1.2, '2022-06-21 20:26:12', '2022-06-21 20:26:12', 1),
(103, 16, 49, 'Amet explicabo nostrum similique officia officia alias cum veritatis.', 2.6, '2022-06-21 20:26:12', '2022-06-21 20:26:12', 1),
(104, 9, 30, 'Molestias natus voluptatum aut illum sunt quia.', 3.1, '2022-06-21 20:26:12', '2022-06-21 20:26:12', 1),
(105, 10, 16, 'Sint repellendus reiciendis repudiandae deleniti non modi ut.', 4.4, '2022-06-21 20:26:12', '2022-06-21 20:26:12', 1),
(106, 27, 31, 'Enim inventore rem harum ad labore dicta.', 1.6, '2022-06-21 20:26:12', '2022-06-21 20:26:12', 1),
(107, 8, 27, 'Dolor enim aliquid ut id sunt hic quisquam.', 2, '2022-06-21 20:26:12', '2022-06-21 20:26:12', 1),
(108, 11, 38, 'Incidunt dolor animi modi nihil.', 3, '2022-06-21 20:26:12', '2022-06-21 20:26:12', 1),
(109, 21, 35, 'Accusamus similique sunt est suscipit possimus quia.', 4.4, '2022-06-21 20:26:12', '2022-06-21 20:26:12', 1),
(110, 13, 41, 'Dolore quos quod et illo.', 4, '2022-06-21 20:26:12', '2022-06-21 20:26:12', 1),
(111, 3, 39, 'Impedit est tempore sed consequatur facere aut deleniti.', 1.6, '2022-06-21 20:26:12', '2022-06-21 20:26:12', 1),
(112, 18, 45, 'Est soluta eaque corporis sequi itaque et recusandae inventore.', 2.7, '2022-06-21 20:26:12', '2022-06-21 20:26:12', 1),
(113, 21, 4, 'Asperiores eius fugit illo nulla quia pariatur.', 0.9, '2022-06-21 20:26:12', '2022-06-21 20:26:12', 1),
(114, 22, 1, 'Tenetur tempore quo impedit dolorem consequatur fugit.', 4.3, '2022-06-21 20:26:12', '2022-06-21 20:26:12', 1),
(115, 12, 27, 'Eos provident ad pariatur iste.', 3.5, '2022-06-21 20:26:12', '2022-06-21 20:26:12', 1),
(116, 28, 17, 'Provident dolores dolores ut ut qui.', 3.6, '2022-06-21 20:26:12', '2022-06-21 20:26:12', 1),
(117, 21, 22, 'Dolor placeat vel voluptate quasi ducimus sint et.', 2.2, '2022-06-21 20:26:12', '2022-06-21 20:26:12', 1),
(118, 22, 38, 'Est magni accusantium vel sit est.', 1.5, '2022-06-21 20:26:12', '2022-06-21 20:26:12', 1),
(119, 5, 15, 'Voluptas ut sunt et hic aperiam id ipsam assumenda.', 2.7, '2022-06-21 20:26:12', '2022-06-21 20:26:12', 1),
(120, 2, 25, 'Cupiditate debitis est quis laudantium impedit ea quos.', 4.3, '2022-06-21 20:26:12', '2022-06-21 20:26:12', 1),
(121, 13, 20, 'Consequuntur nobis placeat quasi quasi deserunt omnis dolorum.', 4, '2022-06-21 20:26:12', '2022-06-21 20:26:12', 1),
(122, 12, 41, 'Sit aut vel id vel.', 3.7, '2022-06-21 20:26:12', '2022-06-21 20:26:12', 1),
(123, 22, 42, 'Natus fuga accusamus cupiditate dolorem.', 1.4, '2022-06-21 20:26:12', '2022-06-21 20:26:12', 1),
(124, 30, 35, 'Aut expedita eos numquam sit quas qui rerum.', 1.8, '2022-06-21 20:26:12', '2022-06-21 20:26:12', 1),
(125, 9, 46, 'Iusto consequatur deserunt modi.', 4.7, '2022-06-21 20:26:13', '2022-06-21 20:26:13', 1),
(126, 7, 49, 'Cumque laborum consequatur ut ad totam commodi quia adipisci.', 3.7, '2022-06-21 20:26:13', '2022-06-21 20:26:13', 1),
(127, 25, 20, 'Velit ea ipsam quam reprehenderit odit officiis tempora.', 3.2, '2022-06-21 20:26:14', '2022-06-21 20:26:14', 1),
(128, 29, 7, 'Modi tenetur sit quos alias natus.', 0.5, '2022-06-21 20:26:14', '2022-06-21 20:26:14', 1),
(129, 9, 43, 'Ipsa vel placeat necessitatibus eaque est sit.', 0.8, '2022-06-21 20:26:14', '2022-06-21 20:26:14', 1),
(130, 16, 41, 'Eaque et id perspiciatis magnam dolores earum pariatur.', 4.2, '2022-06-21 20:26:14', '2022-06-21 20:26:14', 1),
(131, 27, 31, 'Error neque magnam omnis quo corrupti.', 0.6, '2022-06-21 20:26:14', '2022-06-21 20:26:14', 1),
(132, 3, 40, 'Ab totam quisquam earum voluptas beatae maxime.', 4.2, '2022-06-21 20:26:14', '2022-06-21 20:26:14', 1),
(133, 18, 44, 'Qui quis aliquid fuga consequatur.', 1.9, '2022-06-21 20:26:14', '2022-06-21 20:26:14', 1),
(134, 12, 31, 'Ut consequuntur doloremque omnis.', 4.5, '2022-06-21 20:26:14', '2022-06-21 20:26:14', 1),
(135, 21, 21, 'Ea harum ut dolor impedit fuga.', 4, '2022-06-21 20:26:14', '2022-06-21 20:26:14', 1),
(136, 8, 14, 'Delectus magnam perspiciatis quaerat repudiandae ea eius porro reprehenderit.', 0.9, '2022-06-21 20:26:14', '2022-06-21 20:26:14', 1),
(137, 9, 49, 'Accusantium et ut distinctio alias sint.', 1.5, '2022-06-21 20:26:14', '2022-06-21 20:26:14', 1),
(138, 27, 25, 'Rerum qui sed voluptatem officia itaque.', 4.4, '2022-06-21 20:26:14', '2022-06-21 20:26:14', 1),
(139, 4, 43, 'Quia sint laudantium reiciendis totam.', 0.3, '2022-06-21 20:26:14', '2022-06-21 20:26:14', 1),
(140, 5, 24, 'Quidem voluptatem id fugiat qui qui quasi laboriosam.', 4.5, '2022-06-21 20:26:14', '2022-06-21 20:26:14', 1),
(141, 4, 14, 'Enim cupiditate tempore optio eligendi quo minus et.', 1.9, '2022-06-21 20:26:14', '2022-06-21 20:26:14', 1),
(142, 22, 19, 'Mollitia recusandae rem aut cum id dolorum corporis aliquam.', 3.5, '2022-06-21 20:26:14', '2022-06-21 20:26:14', 1),
(143, 19, 25, 'Nulla necessitatibus vero aut quaerat quo.', 0.2, '2022-06-21 20:26:14', '2022-06-21 20:26:14', 1),
(144, 4, 23, 'Iusto quis dignissimos fugit aut.', 1.1, '2022-06-21 20:26:14', '2022-06-21 20:26:14', 1),
(145, 10, 25, 'Est qui cum quo et maiores doloribus.', 2, '2022-06-21 20:26:14', '2022-06-21 20:26:14', 1),
(146, 14, 28, 'Dolorum tempora exercitationem deserunt vero autem.', 1.2, '2022-06-21 20:26:14', '2022-06-21 20:26:14', 1),
(147, 30, 49, 'Voluptates aut at qui quasi possimus.', 3.9, '2022-06-21 20:26:15', '2022-06-21 20:26:15', 1),
(148, 2, 25, 'Vel quasi debitis consectetur molestiae recusandae.', 3.4, '2022-06-21 20:26:15', '2022-06-21 20:26:15', 1),
(149, 17, 35, 'Rem nemo dolor exercitationem.', 1.3, '2022-06-21 20:26:15', '2022-06-21 20:26:15', 1),
(150, 28, 43, 'Nobis provident voluptas facilis.', 4.8, '2022-06-21 20:26:15', '2022-06-21 20:26:15', 1),
(151, 26, 43, 'Id delectus et facere voluptatem cum voluptatibus consectetur.', 1.8, '2022-06-21 20:26:15', '2022-06-21 20:26:15', 1),
(152, 20, 3, 'Magnam aut neque quae vero mollitia qui.', 3.5, '2022-06-21 20:26:15', '2022-06-21 20:26:15', 1),
(153, 2, 22, 'Quia voluptatum non rerum consequatur laborum est.', 1.1, '2022-06-21 20:26:15', '2022-06-21 20:26:15', 1),
(154, 25, 20, 'Nobis molestiae et amet magni eligendi error repudiandae blanditiis.', 2.7, '2022-06-21 20:26:15', '2022-06-21 20:26:15', 1),
(155, 7, 32, 'Aliquid dolorem amet nobis sit voluptatem recusandae.', 2.7, '2022-06-21 20:26:15', '2022-06-21 20:26:15', 1),
(156, 20, 25, 'Enim libero et iusto labore eos minus velit.', 4, '2022-06-21 20:26:15', '2022-06-21 20:26:15', 1),
(157, 15, 27, 'Aut id natus nesciunt ut nam quisquam exercitationem.', 3.2, '2022-06-21 20:26:15', '2022-06-21 20:26:15', 1),
(158, 4, 30, 'Ratione ratione et dolores est alias nulla.', 0.6, '2022-06-21 20:26:15', '2022-06-21 20:26:15', 1),
(159, 27, 23, 'Earum modi quasi dolorem perspiciatis consectetur eius.', 3.5, '2022-06-21 20:26:15', '2022-06-21 20:26:15', 1),
(160, 26, 37, 'Quibusdam numquam quasi nobis id sunt occaecati.', 4.2, '2022-06-21 20:26:15', '2022-06-21 20:26:15', 1),
(161, 26, 29, 'Ea dolores vitae sit et voluptatem cupiditate pariatur vel.', 4, '2022-06-21 20:26:15', '2022-06-21 20:26:15', 1),
(162, 6, 3, 'Ut dignissimos enim doloremque.', 1.3, '2022-06-21 20:26:15', '2022-06-21 20:26:15', 1),
(163, 3, 1, 'Fuga libero aliquam necessitatibus et eum cumque.', 0.5, '2022-06-21 20:26:15', '2022-06-21 20:26:15', 1),
(164, 6, 12, 'Nostrum ullam fugit iure sit.', 3.5, '2022-06-21 20:26:15', '2022-06-21 20:26:15', 1),
(165, 9, 1, 'Dolorem aut voluptates aspernatur sed.', 4.1, '2022-06-21 20:26:15', '2022-06-21 20:26:15', 1),
(166, 30, 27, 'Temporibus exercitationem aspernatur laudantium.', 1.4, '2022-06-21 20:26:15', '2022-06-21 20:26:15', 1),
(167, 27, 35, 'Voluptate reiciendis minus iure consequatur minima.', 4.4, '2022-06-21 20:26:15', '2022-06-21 20:26:15', 1),
(168, 27, 50, 'Aut rerum voluptate in ut libero dicta atque at.', 4, '2022-06-21 20:26:15', '2022-06-21 20:26:15', 1),
(169, 25, 13, 'Nostrum deleniti aut quaerat itaque.', 3.5, '2022-06-21 20:26:15', '2022-06-21 20:26:15', 1),
(170, 27, 9, 'Repellendus ad voluptatibus aut eius.', 1.8, '2022-06-21 20:26:15', '2022-06-21 20:26:15', 1),
(171, 3, 35, 'Similique ut nulla illum excepturi.', 2.2, '2022-06-21 20:26:15', '2022-06-21 20:26:15', 1),
(172, 30, 42, 'Dolor repellat ex nisi.', 4.8, '2022-06-21 20:26:15', '2022-06-21 20:26:15', 1),
(173, 12, 6, 'Eligendi dolorem distinctio harum nemo voluptates sed.', 2.8, '2022-06-21 20:26:15', '2022-06-21 20:26:15', 1),
(174, 11, 35, 'Mollitia totam tempore dolore in qui.', 3.4, '2022-06-21 20:26:15', '2022-06-21 20:26:15', 1),
(175, 29, 23, 'Ad ut aspernatur ut enim.', 3, '2022-06-21 20:26:15', '2022-06-21 20:26:15', 1),
(176, 17, 13, 'Nam qui alias illo perspiciatis temporibus odio.', 1.8, '2022-06-21 20:26:15', '2022-06-21 20:26:15', 1),
(177, 21, 10, 'Hic consectetur provident cupiditate reiciendis praesentium.', 2.5, '2022-06-21 20:26:15', '2022-06-21 20:26:15', 1),
(178, 22, 19, 'Odit sint quisquam in cumque.', 2.7, '2022-06-21 20:26:15', '2022-06-21 20:26:15', 1),
(179, 8, 43, 'Voluptatem ex dolorem dolor dolorum.', 1.5, '2022-06-21 20:26:15', '2022-06-21 20:26:15', 1),
(180, 6, 13, 'Nam quidem voluptatem dolor rerum minus ut.', 4.3, '2022-06-21 20:26:15', '2022-06-21 20:26:15', 1),
(181, 15, 38, 'Eveniet dolorem qui quaerat fugit voluptas sit magni.', 2.4, '2022-06-21 20:26:15', '2022-06-21 20:26:15', 1),
(182, 24, 36, 'Nam possimus labore enim rerum molestiae eos quo.', 4, '2022-06-21 20:26:15', '2022-06-21 20:26:15', 1),
(183, 8, 23, 'Rerum temporibus a officiis dignissimos quos earum reiciendis ut.', 1.6, '2022-06-21 20:26:15', '2022-06-21 20:26:15', 1),
(184, 28, 1, 'Autem aspernatur ut est nostrum accusantium eveniet.', 0.5, '2022-06-21 20:26:15', '2022-06-21 20:26:15', 1),
(185, 7, 22, 'In eius ut rerum aut.', 4.9, '2022-06-21 20:26:15', '2022-06-21 20:26:15', 1),
(186, 18, 17, 'Accusantium officia aliquid eum.', 4.6, '2022-06-21 20:26:15', '2022-06-21 20:26:15', 1),
(187, 6, 5, 'Delectus atque saepe sint.', 4.7, '2022-06-21 20:26:15', '2022-06-21 20:26:15', 1),
(188, 25, 33, 'Dolor nihil nesciunt nostrum atque tempora ab.', 0.6, '2022-06-21 20:26:15', '2022-06-21 20:26:15', 1),
(189, 21, 32, 'Totam corporis doloribus aliquid cum.', 4, '2022-06-21 20:26:15', '2022-06-21 20:26:15', 1),
(190, 15, 31, 'Debitis explicabo enim quo illum non ratione ullam.', 0.4, '2022-06-21 20:26:15', '2022-06-21 20:26:15', 1),
(191, 24, 2, 'Quia id omnis doloribus.', 2.4, '2022-06-21 20:26:15', '2022-06-21 20:26:15', 1),
(192, 13, 19, 'Id natus quibusdam iste consequatur voluptate illum.', 3.5, '2022-06-21 20:26:15', '2022-06-21 20:26:15', 1),
(193, 25, 38, 'Sit odit et aliquid recusandae qui.', 3.4, '2022-06-21 20:26:15', '2022-06-21 20:26:15', 1),
(194, 11, 8, 'Et dolor nisi itaque autem voluptas et.', 2.4, '2022-06-21 20:26:15', '2022-06-21 20:26:15', 1),
(195, 17, 22, 'Voluptatem necessitatibus consequatur neque reiciendis atque nobis fuga.', 4.3, '2022-06-21 20:26:15', '2022-06-21 20:26:15', 1),
(196, 26, 42, 'Et sed praesentium doloremque iste omnis repellendus.', 4.4, '2022-06-21 20:26:15', '2022-06-21 20:26:15', 1),
(197, 25, 32, 'Voluptatem ad repellat excepturi.', 3.3, '2022-06-21 20:26:15', '2022-06-21 20:26:15', 1),
(198, 18, 11, 'Officia exercitationem nulla enim perspiciatis modi quisquam ad magni.', 2.6, '2022-06-21 20:26:15', '2022-06-21 20:26:15', 1),
(199, 11, 16, 'Repellendus rerum non nemo veniam omnis at.', 4.5, '2022-06-21 20:26:15', '2022-06-21 20:26:15', 1),
(200, 10, 36, 'Tempora recusandae quia itaque quasi.', 0.7, '2022-06-21 20:26:15', '2022-06-21 20:26:15', 1),
(203, 31, 44, 'J\'aime tous les mets proposés dans ce resto. Très cool', 4, '2022-06-27 10:36:57', '2022-06-28 08:30:47', 0),
(204, 31, 50, 'Ce restaurant est magnifique. Que dire ? j\'ai tout aimé.', 5, '2022-06-28 08:01:22', '2022-06-28 08:33:38', 0),
(205, 32, 44, 'Magnifique restaurant. Que de delicieux mets. Merci beaucoup ', 5, '2022-06-29 12:08:56', '2022-06-29 12:08:56', 0),
(206, 32, 50, 'Fameux restaurant', 5, '2022-06-29 12:10:46', '2022-06-29 12:10:46', 0),
(207, 31, 48, 'Magnifique. Je le recommande encore plus que les autres. Qu\'attendez-vous pour y aller ? Je ferai encore un tour', 5, '2022-07-01 12:28:27', '2022-07-01 12:36:43', 0),
(208, 31, 8, 'Felt in love with this restaurant. Whenever you go to China think to visit.', 4, '2022-07-01 12:54:28', '2022-07-01 12:54:28', 0),
(209, 31, 12, 'Jacoby is one of the greatest!', 5, '2022-07-01 12:55:07', '2022-07-01 12:55:07', 0),
(210, 31, 21, 'Another comment', 4, '2022-07-01 12:57:34', '2022-07-01 12:57:34', 0),
(211, 31, 14, 'Another comment here', 5, '2022-07-01 12:58:00', '2022-07-01 12:58:00', 0),
(212, 31, 9, 'Love this restaurant so much', 5, '2022-07-01 14:01:59', '2022-07-01 14:07:42', 0),
(213, 31, 27, 'Mon avis compte peu', 1, '2022-07-01 14:13:02', '2022-07-01 14:13:02', 0),
(214, 33, 45, 'Great things ahead. ', 5, '2022-07-01 14:24:15', '2022-07-01 14:24:15', 0),
(215, 33, 43, 'superbe resto vraiment', 4, '2022-07-01 14:25:17', '2022-07-01 14:33:51', 0),
(216, 33, 6, 'Mediocre comme resto', 2, '2022-07-01 14:26:53', '2022-07-01 14:26:53', 0),
(217, 33, 5, 'J\'aime trop la bouffe par ici', 4, '2022-07-01 14:28:43', '2022-07-01 14:28:43', 0),
(218, 33, 29, 'J\'aime trop le repas principal', 2, '2022-07-01 14:34:38', '2022-07-01 14:34:38', 0),
(219, 33, 13, 'Love this also', 3, '2022-07-01 14:47:39', '2022-07-01 14:47:39', 0),
(220, 33, 11, 'Magnifico', 4, '2022-07-01 14:50:55', '2022-07-01 14:50:55', 0),
(221, 33, 10, 'Another try maybe the final test', 1, '2022-07-01 14:53:38', '2022-07-01 14:53:38', 0),
(222, 33, 4, 'I am like randy. not satisfied', 1, '2022-07-01 14:57:02', '2022-07-01 14:57:02', 0),
(223, 33, 28, 'Some thing great here', 2, '2022-07-01 14:59:28', '2022-07-01 14:59:28', 0),
(224, 33, 8, 'Me too i used to eat there while in china. Great', 4, '2022-07-01 15:07:40', '2022-07-01 15:07:40', 0),
(225, 32, 53, 'Et voici la première note', 4, '2022-07-01 15:36:11', '2022-07-01 15:36:11', 0);

-- --------------------------------------------------------

--
-- Structure de la table `users`
--

CREATE TABLE `users` (
  `id` bigint(20) UNSIGNED NOT NULL,
  `name` varchar(255) COLLATE utf8mb4_unicode_ci NOT NULL,
  `email` varchar(255) COLLATE utf8mb4_unicode_ci NOT NULL,
  `phone` varchar(255) COLLATE utf8mb4_unicode_ci DEFAULT NULL,
  `bio` longtext COLLATE utf8mb4_unicode_ci,
  `email_verified_at` timestamp NULL DEFAULT NULL,
  `password` varchar(255) COLLATE utf8mb4_unicode_ci NOT NULL,
  `remember_token` varchar(100) COLLATE utf8mb4_unicode_ci DEFAULT NULL,
  `created_at` timestamp NULL DEFAULT NULL,
  `updated_at` timestamp NULL DEFAULT NULL,
  `type` tinyint(4) NOT NULL DEFAULT '1',
  `avatar` varchar(255) COLLATE utf8mb4_unicode_ci DEFAULT NULL
) ENGINE=InnoDB DEFAULT CHARSET=utf8mb4 COLLATE=utf8mb4_unicode_ci;

--
-- Déchargement des données de la table `users`
--

INSERT INTO `users` (`id`, `name`, `email`, `phone`, `bio`, `email_verified_at`, `password`, `remember_token`, `created_at`, `updated_at`, `type`, `avatar`) VALUES
(1, 'Kiarra Sawayn', 'oreilly.ruth@example.com', '+1 (913) 572-2985', 'Dolor maiores ratione et. Nihil ea magni praesentium dolorum omnis. Beatae rerum dolorem sed enim voluptate qui dolore.', '2022-06-21 20:18:27', 'I}O%~Is&', 'CkoGl8upHP', '2022-06-21 20:18:27', '2022-06-21 20:18:27', 1, NULL),
(2, 'Abdiel Labadie', 'rosendo.muller@example.com', '(762) 392-6538', 'Quos sed ut ex illum quo voluptates temporibus. Dolore voluptas non modi. Voluptatem optio explicabo quia aut incidunt. Aliquam facere distinctio aut delectus sint rerum.', '2022-06-21 20:18:27', '/2TJhP<5', 'E8ALrcoV2y', '2022-06-21 20:18:27', '2022-06-21 20:18:27', 1, NULL),
(3, 'Dr. Baby Dach', 'tstreich@example.com', '385.794.3375', 'Veritatis voluptatem sit eos rem possimus quae. Quo cupiditate architecto praesentium et quia. Eveniet quia quia praesentium neque ab sit. Omnis debitis odit molestiae ducimus.', '2022-06-21 20:18:27', '6F{7iC', 'L6w7EeJjVr', '2022-06-21 20:18:27', '2022-06-21 20:18:27', 1, NULL),
(4, 'Mrs. Kaela Ferry Jr.', 'santa25@example.org', '(913) 665-4330', 'Iste magnam magnam qui praesentium labore eos aut. Eius blanditiis consequatur eligendi sunt qui. Molestiae nobis corporis repudiandae consectetur officiis. Quia ipsum aliquam ipsum sit fugiat harum.', '2022-06-21 20:18:27', '?#t()?`d', 'sS6bPjUFpD', '2022-06-21 20:18:27', '2022-06-21 20:18:27', 1, NULL),
(5, 'Gideon Skiles', 'josefina.gottlieb@example.org', '440.857.3928', 'Facilis commodi reprehenderit enim. Iste itaque in mollitia odio et eum. Ut omnis quo similique. Non rem perferendis architecto quia error. Aut rem repellendus maxime quia voluptas nulla.', '2022-06-21 20:18:27', 'n,^iKA$H', 'cf9Z2M3oAL', '2022-06-21 20:18:27', '2022-06-21 20:18:27', 1, NULL),
(6, 'Percy Nader DVM', 'jziemann@example.com', '334-953-8424', 'Eos exercitationem aut aut hic. Consequatur optio excepturi laboriosam maxime ipsa. Amet quaerat aut iusto pariatur esse et occaecati.', '2022-06-21 20:18:27', 'gr@=Ac', 'WJBcYp4fj8', '2022-06-21 20:18:27', '2022-06-21 20:18:27', 1, NULL),
(7, 'Lourdes Kuvalis', 'desiree14@example.org', '251.666.8424', 'Deserunt eos quo atque eligendi. Beatae est fugit corrupti perferendis qui quo. Est magni eius dolorum animi iusto ipsa. Sunt amet vero quia tempore vel nostrum. Corrupti aut corrupti voluptas laudantium.', '2022-06-21 20:18:27', 'Osc:G7l', 'cTMMJ9sRqw', '2022-06-21 20:18:27', '2022-06-21 20:18:27', 1, NULL),
(8, 'Magali Haley II', 'keshawn96@example.com', '520.694.7715', 'Et perspiciatis deleniti in. Corrupti eum possimus odit rem suscipit eveniet atque. Odio dolores in repudiandae explicabo. Autem aut similique laudantium laboriosam autem tempora quod reiciendis.', '2022-06-21 20:18:27', '&q54W$H', 'EcaEldTYPo', '2022-06-21 20:18:27', '2022-06-21 20:18:27', 1, NULL),
(9, 'Jovanny Gaylord', 'dorian82@example.com', '267-251-6578', 'Aliquam assumenda quisquam laudantium blanditiis voluptas. Quis est provident sint voluptatum et temporibus. Veniam voluptas temporibus non facilis earum.', '2022-06-21 20:18:27', 'Hub:?l)3', 'QzbNiYLAPK', '2022-06-21 20:18:27', '2022-06-21 20:18:27', 1, NULL),
(10, 'Kieran Gerlach Sr.', 'cpacocha@example.org', '1-859-355-0213', 'Minus quo quaerat dolor sint veniam recusandae. Ea commodi ipsum voluptatibus vero delectus. Iusto et similique optio.', '2022-06-21 20:18:27', 'D]bZUfa\'', 'hJFrMpgnyg', '2022-06-21 20:18:27', '2022-06-21 20:18:27', 1, NULL),
(11, 'Randy Quitzon', 'cmclaughlin@example.net', '1-628-385-7421', 'Ut quia ad aut voluptate autem quae. Consequuntur culpa reiciendis laborum sit in quia. Ut odit doloribus qui iusto. Expedita tempore quibusdam maiores eveniet qui beatae inventore.', '2022-06-21 20:18:27', 'l$Gcb:b', 'Cgg1PyUmFI', '2022-06-21 20:18:27', '2022-06-21 20:18:27', 1, NULL),
(12, 'Dr. Marjory Schumm I', 'melany.schroeder@example.net', '+1-234-707-0793', 'Et accusamus excepturi expedita ut maiores. Quas nihil nemo impedit aut error ut. Et magnam ratione corrupti magni quia ea. Provident explicabo adipisci mollitia voluptas.', '2022-06-21 20:18:27', 'xnT*f%', '7UIWcIRRER', '2022-06-21 20:18:27', '2022-06-21 20:18:27', 1, NULL),
(13, 'Lexi Becker', 'eborer@example.com', '410-448-5038', 'Accusamus eos molestiae eligendi harum ut ut. Quaerat quo aut rerum dolorum maxime nesciunt. Aut accusantium nobis mollitia temporibus et architecto velit voluptatem.', '2022-06-21 20:18:27', 'MO<j?#T', 'Jh5YFNubCw', '2022-06-21 20:18:28', '2022-06-21 20:18:28', 1, NULL),
(14, 'Prof. Pedro Mayer Sr.', 'sallie52@example.org', '213.976.6402', 'Rerum animi accusamus qui molestiae sapiente. Quo omnis accusantium adipisci praesentium. Ex repudiandae consequatur doloremque veniam et. Odio est corrupti suscipit est. Aut nam repudiandae esse perspiciatis et ut et aperiam.', '2022-06-21 20:18:27', 'x4P2+3t', 'EpJubIAbzB', '2022-06-21 20:18:28', '2022-06-21 20:18:28', 1, NULL),
(15, 'Prof. Margret Glover', 'nicolas.bruce@example.net', '+15599538456', 'Id sed architecto assumenda facere. Libero optio enim eius quas esse amet omnis. Quia totam maxime quas blanditiis consequatur.', '2022-06-21 20:18:27', '[8a(](', 'YUnB4YjKEW', '2022-06-21 20:18:28', '2022-06-21 20:18:28', 1, NULL),
(16, 'Finn Carroll', 'mayer.thurman@example.net', '(623) 544-4214', 'Qui voluptas velit dolor nemo id repellendus. Impedit sint ullam repellat repellendus deserunt possimus accusantium perferendis. Minus possimus perspiciatis maxime neque quis occaecati excepturi.', '2022-06-21 20:18:27', 'usaz+Kt', 'M5HEPt7j2c', '2022-06-21 20:18:28', '2022-06-21 20:18:28', 1, NULL),
(17, 'Dr. Rosalee Ward III', 'jewel01@example.org', '1-270-615-2812', 'Perspiciatis quia qui esse alias et quos. Harum nobis laudantium incidunt nam eum sunt. Dolores inventore maiores eos architecto placeat sunt qui. Dolore aut qui soluta laboriosam maxime amet qui ut.', '2022-06-21 20:18:27', ')r9=t(~j', 'TsrIX6JugP', '2022-06-21 20:18:28', '2022-06-21 20:18:28', 1, NULL),
(18, 'Miss Ariane Berge DDS', 'orn.gerardo@example.net', '860.903.3182', 'Molestias numquam distinctio vel nemo expedita. Aspernatur dolorem quaerat adipisci. Ea consectetur ea et eos cupiditate voluptates accusantium.', '2022-06-21 20:18:27', 'X:M}\'h#', 'eMXKeUdqkk', '2022-06-21 20:18:28', '2022-06-21 20:18:28', 1, NULL),
(19, 'Lamar Nolan PhD', 'cpfannerstill@example.net', '+1 (854) 322-6163', 'Aperiam distinctio ea provident ea. Molestias qui porro iure praesentium.', '2022-06-21 20:18:27', 'l=%=;L{n', 'VrvsXyHiuV', '2022-06-21 20:18:28', '2022-06-21 20:18:28', 1, NULL),
(20, 'Keshaun Hackett', 'kuhlman.casimir@example.net', '949.414.5809', 'Est qui reprehenderit modi et sed sequi. Occaecati sunt sed debitis eos dolorem nihil dolores quia. At excepturi aut qui dolores sequi. Omnis facilis dolorum veniam corrupti animi.', '2022-06-21 20:18:27', 'dg^++kU', 'bRQ1ZrjbD4', '2022-06-21 20:18:28', '2022-06-21 20:18:28', 1, NULL),
(21, 'Justyn Considine', 'opfannerstill@example.net', '(469) 577-0200', 'Minus omnis maiores ex voluptatem. Iusto voluptas quis dolorum quo autem. Quam necessitatibus nam sit nihil. Consequatur nihil qui facilis rerum et. Voluptatem labore iusto ad.', '2022-06-21 20:18:27', '|lWH),4', 'g11Z5bSFxH', '2022-06-21 20:18:28', '2022-06-21 20:18:28', 1, NULL),
(22, 'Willa Stark', 'upton.candida@example.com', '+19598658618', 'Reiciendis excepturi blanditiis nemo voluptatem magni deserunt possimus. Ea error vel voluptate voluptatem pariatur sit. Eius itaque vel tempora vel. Rem modi perferendis expedita.', '2022-06-21 20:18:27', '7sU|>L', 'rxqjxjMAuP', '2022-06-21 20:18:28', '2022-06-21 20:18:28', 1, NULL),
(23, 'Ronny Kunde', 'jake.emmerich@example.net', '1-804-644-3794', 'Porro quia neque veritatis aut. Voluptatem praesentium culpa similique animi. Maiores est rerum velit. Et et praesentium nemo.', '2022-06-21 20:18:27', '4c!0c_p', 'WLqskoQXgg', '2022-06-21 20:18:28', '2022-06-21 20:18:28', 1, NULL),
(24, 'Mrs. Sibyl Aufderhar III', 'qfeil@example.com', '1-539-572-3783', 'Voluptatem et quia consectetur tenetur dignissimos natus ut. Ipsum at sunt aut voluptatem ipsum consequatur minus iste. Corporis nesciunt est provident veniam velit.', '2022-06-21 20:18:27', 'O}4Y\\Z', 'Q7zf5IaUc2', '2022-06-21 20:18:28', '2022-06-21 20:18:28', 1, NULL),
(25, 'Titus Shanahan', 'ullrich.madelyn@example.net', '+1 (828) 847-6316', 'Vitae dolorum voluptatem non quibusdam quia aliquam. Eos ducimus a incidunt aut.', '2022-06-21 20:18:27', 'xU]qBEYh', 'y8J8N7uiis', '2022-06-21 20:18:28', '2022-06-21 20:18:28', 1, NULL),
(26, 'Skyla Klein', 'bechtelar.idella@example.net', '(563) 825-8055', 'Harum asperiores veritatis sit ab et. Fugit molestiae numquam non corrupti aperiam voluptas. Fugit quod velit aut ipsum sunt explicabo consequuntur.', '2022-06-21 20:18:27', 'rcLP*nc', '4sdx5M886R', '2022-06-21 20:18:28', '2022-06-21 20:18:28', 1, NULL),
(27, 'Dr. Orval Becker PhD', 'heidi49@example.net', '1-662-881-5437', 'Voluptas qui sit molestiae et laboriosam itaque cupiditate. Impedit quo quia omnis quisquam.', '2022-06-21 20:18:27', '4747D4K', 'CUTIltgQ1p', '2022-06-21 20:18:28', '2022-06-21 20:18:28', 1, NULL),
(28, 'Leilani Braun II', 'soledad55@example.net', '+13327797267', 'Quia nisi sunt eum nostrum sint. Eum sed soluta earum sit velit quo soluta. Rerum sit atque reiciendis quia et eum.', '2022-06-21 20:18:27', 'ckH3Bet', 'BHqZ7OWHp6', '2022-06-21 20:18:28', '2022-06-21 20:18:28', 1, NULL),
(29, 'Lexus Lueilwitz', 'hpurdy@example.org', '234-264-6628', 'Qui quis at eaque ducimus. Voluptas voluptatem et fuga quo voluptas accusamus veniam sed. Et possimus est et optio odit minus accusantium. In eaque quia ipsum blanditiis recusandae quisquam quia doloribus.', '2022-06-21 20:18:27', 'z54\'%[;', 'FOXrw6AMGE', '2022-06-21 20:18:28', '2022-06-21 20:18:28', 1, NULL),
(30, 'Camylle DuBuque IV', 'isabelle76@example.net', '312.847.0816', 'Odit earum vitae non minima animi. Enim dolorum rem amet itaque ut sit. Numquam sed ut accusamus velit et ex.', '2022-06-21 20:18:27', 'P`o:+2MK', 'dSotiPe5qI', '2022-06-21 20:18:28', '2022-06-21 20:18:28', 1, NULL),
(31, 'user resto', 'user@restosaas.com', NULL, NULL, NULL, '$2y$10$x44XJgqpuQtTQS1gChQKbOkO5FAgBhhPb2lQC3E0cRAtj3tR9rhc2', 'nOYXhxYvbLEbnPCbT4YKOo1gpCGlcLVpacGpG0Ok1OsMrXvMjKhRaRjuq70R', '2022-06-25 08:43:04', '2022-06-25 08:43:04', 1, NULL),
(32, 'restosaas admin', 'admin@restosaas.com', '5848488555', NULL, NULL, '$2y$10$I5Cys/kJP53VPTZhsov2kO0Lk0hm0BmrUf2lSyok3VkU4iR1FGyoq', 'tS7plq2JCTxfSLKWD7AxgCVlwM2e4zc4z5YkPjOu7oRSzWNwSbAYeW6J5XYi', '2022-06-27 06:09:50', '2022-06-27 06:09:50', 0, NULL),
(33, 'test user', 'test@restosaas.com', NULL, NULL, NULL, '$2y$10$tB4KZmq0ia6sda4hTY1SK.bxvqAEdg.NrEP6StqHzUyqtV4HFbTWO', NULL, '2022-07-01 14:22:40', '2022-07-01 14:22:40', 1, NULL);

--
-- Index pour les tables déchargées
--

--
-- Index pour la table `failed_jobs`
--
ALTER TABLE `failed_jobs`
  ADD PRIMARY KEY (`id`),
  ADD UNIQUE KEY `failed_jobs_uuid_unique` (`uuid`);

--
-- Index pour la table `migrations`
--
ALTER TABLE `migrations`
  ADD PRIMARY KEY (`id`);

--
-- Index pour la table `password_resets`
--
ALTER TABLE `password_resets`
  ADD KEY `password_resets_email_index` (`email`);

--
-- Index pour la table `personal_access_tokens`
--
ALTER TABLE `personal_access_tokens`
  ADD PRIMARY KEY (`id`),
  ADD UNIQUE KEY `personal_access_tokens_token_unique` (`token`),
  ADD KEY `personal_access_tokens_tokenable_type_tokenable_id_index` (`tokenable_type`,`tokenable_id`);

--
-- Index pour la table `restaurants`
--
ALTER TABLE `restaurants`
  ADD PRIMARY KEY (`id`);

--
-- Index pour la table `reviews`
--
ALTER TABLE `reviews`
  ADD PRIMARY KEY (`id`);

--
-- Index pour la table `users`
--
ALTER TABLE `users`
  ADD PRIMARY KEY (`id`),
  ADD UNIQUE KEY `users_email_unique` (`email`);

--
-- AUTO_INCREMENT pour les tables déchargées
--

--
-- AUTO_INCREMENT pour la table `failed_jobs`
--
ALTER TABLE `failed_jobs`
  MODIFY `id` bigint(20) UNSIGNED NOT NULL AUTO_INCREMENT;

--
-- AUTO_INCREMENT pour la table `migrations`
--
ALTER TABLE `migrations`
  MODIFY `id` int(10) UNSIGNED NOT NULL AUTO_INCREMENT, AUTO_INCREMENT=11;

--
-- AUTO_INCREMENT pour la table `personal_access_tokens`
--
ALTER TABLE `personal_access_tokens`
  MODIFY `id` bigint(20) UNSIGNED NOT NULL AUTO_INCREMENT;

--
-- AUTO_INCREMENT pour la table `restaurants`
--
ALTER TABLE `restaurants`
  MODIFY `id` bigint(20) UNSIGNED NOT NULL AUTO_INCREMENT, AUTO_INCREMENT=56;

--
-- AUTO_INCREMENT pour la table `reviews`
--
ALTER TABLE `reviews`
  MODIFY `id` bigint(20) UNSIGNED NOT NULL AUTO_INCREMENT, AUTO_INCREMENT=226;

--
-- AUTO_INCREMENT pour la table `users`
--
ALTER TABLE `users`
  MODIFY `id` bigint(20) UNSIGNED NOT NULL AUTO_INCREMENT, AUTO_INCREMENT=34;
COMMIT;

/*!40101 SET CHARACTER_SET_CLIENT=@OLD_CHARACTER_SET_CLIENT */;
/*!40101 SET CHARACTER_SET_RESULTS=@OLD_CHARACTER_SET_RESULTS */;
/*!40101 SET COLLATION_CONNECTION=@OLD_COLLATION_CONNECTION */;
